Plan ID,Product ID,Product Name,Product Statement Descriptor,Nickname,Created (UTC),Amount,Currency,Interval,Interval Count,Usage Type,Aggregate Usage,Billing Scheme,Trial Period Days
plan_6DCd2FD5aa4349,prod_THe54378GHTdfe,Product A,,Weekly,2019-02-04 05:55,500,jpy,day,5,licensed,,per_unit,3
plan_51cc5f7879e306,prod_THe54378GHTdfe,Product A,statement,Bucket of five,2019-02-04 05:52,200,jpy,month,3,licensed,,per_unit,
plan_THJ53976vrSd,prod_THe54378GHTdfe,Product A,,Yearly,2018-12-12 02:44,18000,jpy,year,1,licensed,,per_unit,30
plan_JR567GFDNoyf,prod_THe54378GHTdfe,Product A,,Monthly,2018-12-12 02:42,3000,jpy,month,1,licensed,,per_unit,30
plan_GHJ567DEsw3b,prod_THe68hfGFD87RT,Product B,,yearly,2018-12-10 08:51,12000,jpy,year,1,licensed,,per_unit,
plan_TYHD567DEft982,prod_EStgAt876Grt54,Product C,,monthly,2018-12-10 08:41,2400,jpy,month,1,licensed,,per_unit,
plan_gHtr427Gvfd0yt,prod_E9765GHTDjhtuv,Product D,,starter-m,2018-10-19 03:45,3000,jpy,month,1,licensed,,per_unit,
plan_hdkGkTdhftsjft,prod_E9765GHTDjhtuv,Product D,,starter-y,2018-10-19 03:44,12000,jpy,year,1,licensed,,per_unit,